{
	"sources" : 
	[
		{
			"file" : "/home/phuongtran/workingasensus/gamecppraylib/build/_deps/raylibs-subbuild/CMakeFiles/raylibs-populate"
		},
		{
			"file" : "/home/phuongtran/workingasensus/gamecppraylib/build/_deps/raylibs-subbuild/CMakeFiles/raylibs-populate.rule"
		},
		{
			"file" : "/home/phuongtran/workingasensus/gamecppraylib/build/_deps/raylibs-subbuild/CMakeFiles/raylibs-populate-complete.rule"
		},
		{
			"file" : "/home/phuongtran/workingasensus/gamecppraylib/build/_deps/raylibs-subbuild/raylibs-populate-prefix/src/raylibs-populate-stamp/raylibs-populate-build.rule"
		},
		{
			"file" : "/home/phuongtran/workingasensus/gamecppraylib/build/_deps/raylibs-subbuild/raylibs-populate-prefix/src/raylibs-populate-stamp/raylibs-populate-configure.rule"
		},
		{
			"file" : "/home/phuongtran/workingasensus/gamecppraylib/build/_deps/raylibs-subbuild/raylibs-populate-prefix/src/raylibs-populate-stamp/raylibs-populate-download.rule"
		},
		{
			"file" : "/home/phuongtran/workingasensus/gamecppraylib/build/_deps/raylibs-subbuild/raylibs-populate-prefix/src/raylibs-populate-stamp/raylibs-populate-install.rule"
		},
		{
			"file" : "/home/phuongtran/workingasensus/gamecppraylib/build/_deps/raylibs-subbuild/raylibs-populate-prefix/src/raylibs-populate-stamp/raylibs-populate-mkdir.rule"
		},
		{
			"file" : "/home/phuongtran/workingasensus/gamecppraylib/build/_deps/raylibs-subbuild/raylibs-populate-prefix/src/raylibs-populate-stamp/raylibs-populate-patch.rule"
		},
		{
			"file" : "/home/phuongtran/workingasensus/gamecppraylib/build/_deps/raylibs-subbuild/raylibs-populate-prefix/src/raylibs-populate-stamp/raylibs-populate-test.rule"
		},
		{
			"file" : "/home/phuongtran/workingasensus/gamecppraylib/build/_deps/raylibs-subbuild/raylibs-populate-prefix/src/raylibs-populate-stamp/raylibs-populate-update.rule"
		}
	],
	"target" : 
	{
		"labels" : 
		[
			"raylibs-populate"
		],
		"name" : "raylibs-populate"
	}
}